<?xml version="1.0" encoding="UTF-8"?>
<project-private xmlns="http://www.netbeans.org/ns/project-private/1">
    <open-files xmlns="http://www.netbeans.org/ns/projectui-open-files/2">
        <group>
            <file>file:/C:/Users/itsd/Documents/labs/Calculators/web/WEB-INF/web.xml</file>
            <file>file:/C:/Users/itsd/Documents/labs/Calculators/src/java/AgeCalculatorServlet.java</file>
            <file>file:/C:/Users/itsd/Documents/labs/Calculators/nbproject/build-impl.xml</file>
            <file>file:/C:/Users/itsd/Documents/labs/Calculators/web/WEB-INF/agecalculator.jsp</file>
            <file>file:/C:/Users/itsd/Documents/labs/Calculators/web/WEB-INF/calcAge.jsp</file>
        </group>
    </open-files>
</project-private>
